{
  "runtimeOptions": {
    "tfm": "net8.0",
    "framework": {
      "name": "Microsoft.NETCore.App",
      "version": "8.0.0"
    },
    "configProperties": {
      "System.GC.Concurrent": true,
      "System.GC.Server": true,
      "System.GC.RetainVM": true,
      "System.Reflection.Metadata.MetadataUpdater.IsSupported": false,
      "System.Reflection.NullabilityInfoContext.IsSupported": true,
      "System.Runtime.Serialization.EnableUnsafeBinaryFormatterSerialization": false
    }
  }
}